TSLA,7064
AMD,7060
AAPL,5308
MSFT,4017
TD,3770
PE,3728
AMZN,3687
FB,3198
ET,3045
GE,2878
NIO,2655
X,2613
NVDA,2602
BABA,2307
T,2058
DIS,1849
AI,1832
B,1787
NFLX,1706
V,1676
SQ,1594
BA,1525
PLTR,1472
GM,1468
C,1464
TV,1424
TA,1283
IBM,1276
MU,1240
F,1108
JPM,1090
BAC,1008
DTE,1005
SHOP,981
KO,926
WMT,909
DCF,882
MA,877
NET,867
JNJ,866
ATVI,865
XOM,849
O,846
FCF,833
DKNG,832
GOOG,816
NKLA,803
SNAP,779
CVS,767
SPCE,761
CD,747
INTC,742
DAL,735
GOOGL,733
LEAP,725
NAV,712
EA,701
MSCI,689
JD,685
CGC,685
AAL,658
DOW,636
GILD,634
BP,623
MGM,609
API,607
ACB,607
SP,606
BYND,604
VERY,603
RTX,602
SE,594
Y,589
TWTR,589
IP,588
LPL,583
CC,582
GME,578
MS,560
LUV,559
GS,557
CCL,547
M,545
MO,544
CBOE,542
LMT,541
PEG,541
ABC,538
UPS,533
R,531
ABBV,528
HD,527
WFC,519
IQ,518
PFE,500
PLUG,497
SBUX,490
ENPH,476
TGT,455
VZ,453
CRM,446
MCD,440
NYC,437
L,431
ZM,430
CMG,424
QCOM,412
D,409
LULU,409
TW,406
WM,401
ROIC,399
UA,397
PYPL,395
SA,383
ES,382
FSLY,380
GPRO,376
UI,373
UAL,365
VC,358
CSCO,350
RKT,349
E,346
CAT,340
ATR,338
OI,322
TTM,319
IBKR,315
TTWO,310
MMM,308
TLRY,306
AIG,306
IVR,304
ROKU,303
K,299
MAX,296
BB,293
UBER,292
UBS,292
CME,291
AG,290
PG,289
RBC,288
FANG,287
CRON,286
CBD,282
NOK,282
CVX,279
AXP,277
RE,276
PENN,274
COST,265
NBA,264
BIDU,262
TSM,261
ICE,260
BMO,258
DB,255
RAD,253
RCL,251
NCLH,250
PTON,248
HYLN,246
BEP,245
INO,243
TDOC,243
PEP,243
APHA,242
TREE,241
MRNA,239
NEE,239
TEVA,238
CRSP,236
WKHS,235
NKE,228
UNH,226
AR,222
BAM,222
ETN,221
Z,221
AA,219
KHC,219
ISRG,219
TT,215
III,215
HP,214
TWLO,211
TTD,210
W,209
CRSR,208
STZ,207
MD,207
PNC,205
FSLR,204
SPG,204
MLP,204
FIT,203
NOC,202
NVAX,201
HSBC,197
G,197
J,197
KR,197
BIIB,195
SEDG,194
CAC,194
GAN,194
FT,192
OXY,192
OLED,191
REGN,190
LOW,189
CPA,189
UAA,189
TJX,188
GWPH,187
JWN,186
AC,185
ADP,185
CL,184
REAL,184
WBA,182
ADV,180
SNOW,176
DM,175
ASX,174
ABNB,174
WDC,172
GD,172
XPEV,169
WORK,168
AMAT,168
SD,167
HR,167
CS,165
PINS,165
KSS,164
ETSY,163
DFS,163
TMUS,162
FDX,159
AMT,158
RL,157
CSIQ,157
DK,156
BMY,154
SBE,154
NRZ,153
SAP,151
WYNN,151
WWE,150
BHC,150
BK,149
TSN,148
NEW,147
DOCU,146
IR,145
LYFT,144
TRV,143
WB,143
MP,142
JBLU,138
AVGO,138
PCG,135
GOLD,135
VRTX,135
FREE,134
ABT,134
ADBE,134
ETH,133
AZN,133
ALK,133
ICPT,132
IIPR,132
MELI,132
NLY,131
CZR,131
ASML,131
SAVE,130
RUN,130
MTCH,130
TXT,130
AUPH,130
ORCL,128
SF,128
CSX,128
APPS,127
DG,127
MFA,127
SNE,126
BBY,124
HAL,123
PLAY,123
MAR,123
KMI,123
DDD,123
BUD,120
CAG,120
AGNC,119
LC,119
LRCX,118
ACH,117
CF,117
DDS,117
GPS,117
STAG,117
BBBY,116
CRWD,116
STX,115
TPR,115
TR,115
CALM,115
MAIN,113
GAIN,113
OKTA,113
FEYE,112
INCY,111
HY,111
CO,109
HUYA,109
CPRI,109
AB,109
GP,108
COO,108
TDY,108
NEM,107
LNG,107
FN,107
OSTK,106
NPV,106
ULTA,105
LTC,104
BX,104
SPOT,104
KKR,104
DE,103
ILMN,103
HPQ,103
QS,102
CSV,102
NYT,102
WF,102
EVER,101
ST,101
DHT,101
SIX,100
FSD,100
APH,100
TWO,99
BWXT,99
GRUB,98
LVS,98
NG,97
SPWR,97
SWKS,96
MRO,94
BLNK,94
ITT,94
DASH,93
EBAY,93
TXN,93
DBX,92
RM,92
PSX,92
LI,92
UL,92
DPZ,91
PSEC,91
APT,90
CHWY,90
COP,90
MLM,90
AMBA,90
BSM,90
FCEL,89
MRK,88
STNG,88
BHP,88
AAOI,87
CCI,86
MPC,85
YY,85
FUND,85
PK,85
MOMO,84
USB,84
FAST,84
BLK,84
SHAK,84
JMIA,83
H,82
TEAM,82
HON,82
PANW,82
MDLZ,82
BZUN,82
SAFM,82
IEX,81
ADM,81
TNDM,81
KMX,81
MC,81
GLW,80
GSK,80
VG,80
MVIS,79
SU,79
PSTH,79
PLUS,79
SYY,79
ERIC,79
BIP,79
LL,78
FCX,78
NXP,78
SLB,78
STMP,78
GIS,78
ALB,78
LMND,78
CODX,77
FSR,77
CLF,77
CARA,77
HRL,76
GEVO,76
AP,76
JKS,76
SIRI,76
VIE,76
BH,76
ZNGA,75
PSA,75
BNS,75
FLO,75
EPR,75
ENB,74
FOX,74
AMG,74
STOR,74
EFT,73
CHGG,73
CPB,73
CMCSA,73
AYX,73
PB,73
BYD,73
MDB,72
MT,72
QSR,72
JJSF,72
GL,71
CASH,71
AN,70
AMRN,70
VALE,70
ADS,70
XLNX,70
LAC,70
GH,70
MGNI,70
SDC,69
KODK,69
SOLO,69
GT,69
DRI,69
HPE,69
LAZR,69
HEXO,69
THCB,69
NXPI,68
OPK,68
ALLY,68
BIGC,68
TMO,68
NK,67
MNKD,67
RY,67
BGS,67
DUK,67
HOG,66
NTNX,66
RIOT,65
EPD,65
GOOS,65
SSYS,65
COF,64
KNDI,64
AMGN,64
BOX,64
SFIX,64
ING,64
NNOX,64
ARLP,63
CB,63
SRNE,63
BNTX,63
NVTA,63
SJM,63
ACA,63
ABB,63
BV,63
CLSK,62
OKE,62
BC,62
DLR,62
OHI,62
WDAY,62
NI,62
MARA,61
BTO,61
RF,61
ARRY,61
VEEV,61
IRBT,61
YUM,61
AMP,60
THC,60
RS,60
SC,60
PPC,60
XL,60
VLO,60
AZO,60
CLDR,60
EURN,60
HEAR,60
FVRR,59
ACI,59
CYBR,59
MSM,59
MDT,58
SWBI,58
FLIR,58
XPO,58
UNP,58
BEPC,58
KMB,57
ZS,57
WLL,57
TIF,57
DKS,57
VMW,57
KEY,57
LITE,57
CMA,56
SSD,56
NNDM,56
LLY,56
WH,56
VFF,56
TAP,55
BAH,55
CLX,55
GRPN,55
ANET,55
AAP,54
AIR,54
OAS,53
WELL,53
DDOG,53
SYF,53
MMT,53
BLDP,52
SPLK,52
APA,52
CMC,52
PDD,52
FCAU,52
WPC,52
EVRI,52
MKC,52
SGH,52
HASI,52
SKX,51
KBH,51
BKNG,51
STWD,51
WOW,51
GSX,50
SI,50
NIU,50
CCJ,50
GF,50
HLT,50
SMG,50
GRWG,50
DT,49
ALGN,49
EQIX,49
LB,49
AWK,49
PLNT,49
HQY,49
BR,49
PLD,49
REGI,49
AGI,48
GB,48
BDC,48
CCC,48
TX,48
NYMT,48
ED,48
MRVL,48
DLTR,48
PGR,48
NSA,48
NRG,48
HLF,48
FUN,48
SPI,47
POST,47
PBR,47
WY,47
DHR,47
GEO,47
PVH,47
ACN,47
HOLI,47
RRR,46
AYRO,46
CARR,46
HL,46
ONCS,46
CP,46
FHN,46
PPG,46
MAXR,46
GCP,46
TER,46
APLE,46
UAVS,45
RMD,45
STNE,45
BILI,45
APOG,45
TTCF,45
RNA,45
WIX,45
INFO,45
SNP,45
WW,44
HE,44
LEN,44
ARCC,44
AKAM,44
CIO,44
MAC,44
FRO,44
HRB,44
MCK,44
LOGI,43
UPWK,43
NCR,43
BG,43
FIVE,43
SABR,43
NEO,43
ANF,43
ZGNX,43
PRPL,43
SAN,43
HZNP,43
CIA,43
LAND,43
TS,42
EFX,42
IAC,42
NTES,42
FDS,42
IRM,42
LSPD,42
PEO,42
YELP,41
EW,41
MEG,41
NDAQ,41
EXP,41
HSY,41
SCS,41
COUP,41
EXPE,41
CIM,41
ARR,41
EOG,41
NTLA,41
WGO,41
FICO,41
OC,40
RWT,40
SOL,40
GBX,40
SINA,40
PAYX,40
FC,40
LLNW,40
BFT,40
HA,39
CG,39
AUY,39
RDFN,39
ORC,39
AVD,39
YETI,39
CI,39
VTR,39
NEOG,39
PUMP,39
SAR,38
RACE,38
CE,38
ECL,38
SCI,38
CNX,38
LHX,38
BCS,38
DISH,38
TNP,38
ADT,38
NUE,38
HII,38
PBF,38
RNG,38
OYST,38
BPY,38
SMSI,38
TSE,37
NC,37
PLAN,37
HCA,37
CMI,37
CNC,37
RGR,37
URI,37
HOME,37
DEA,37
CORE,37
GLUU,37
MAXN,37
ARWR,37
EMR,37
THO,37
SNX,37
VOXX,37
SKT,37
VIPS,36
TUP,36
AEO,36
NWL,36
SJR,36
GLSI,36
SRPT,36
SIG,36
PD,36
STM,36
ATO,36
CNA,36
FNKO,36
PZZA,36
VLDR,36
FRC,35
GRMN,35
LANC,35
LAKE,35
MOS,35
NX,35
UUUU,35
FMC,35
LDOS,35
SQM,35
AQN,35
SAIC,35
JBHT,34
FUBO,34
ALXN,34
NBR,34
FTNT,34
FE,34
VFC,34
MTN,34
CVNA,34
WING,34
TM,34
NL,34
BTI,34
COTY,34
NEP,34
MIK,33
CDR,33
ICLK,33
IGT,33
ADSK,33
FF,33
AYI,33
RPM,33
ADI,33
DEO,33
KB,33
IAG,32
EQ,32
VXRT,32
CROX,32
CFR,32
SLCA,32
ABCL,32
SEAS,32
BCE,32
FTCH,32
IMAX,32
DGX,32
OXLC,32
EXFO,32
CONN,32
SALT,31
BLUE,31
PRO,31
SR,31
AMCX,31
MGI,31
CHD,31
PACB,31
ABUS,31
SPGI,31
DIN,31
COR,31
PLX,31
IEA,31
FOXA,31
HRTX,31
UNIT,31
UNFI,31
TSCO,31
ROST,31
KTOS,31
DCTH,31
AAXN,31
MTB,31
HIMX,31
SAM,31
TPL,31
EB,31
SWK,30
AFL,30
FISV,30
MN,30
PI,30
CACC,30
FUV,30
AGM,30
TRIP,30
BDX,30
LYV,30
YNDX,30
URBN,30
VIAC,30
CAH,30
DXC,30
CLCT,30
VOD,30
WHR,30
HFC,30
WOR,30
WDFC,30
EXEL,30
UTZ,30
CNQ,29
CNS,29
SG,29
BEN,29
NVO,29
PLL,29
ZUO,29
DVAX,29
JBL,29
ZTS,29
UNF,29
KSU,29
TECH,29
SNV,29
SOGO,29
SWCH,29
CM,29
GOEV,29
PEIX,28
CLNE,28
SHW,28
ANTM,28
CGNX,28
CVE,28
CAR,28
MAT,28
CXW,28
TOL,28
CIEN,28
TDF,28
CTAS,28
LW,28
MTBC,28
PH,28
AEYE,28
CARE,28
LGVW,28
HI,27
TGNA,27
AYTU,27
CPE,27
BAX,27
SM,27
MANU,27
BURL,27
CBSH,27
MCY,27
EQT,27
KL,27
CASY,27
VST,27
CNK,27
FRT,27
WILC,27
LSI,27
MPX,26
CAKE,26
IPOC,26
FOSL,26
ROK,26
TAL,26
BCRX,26
SNA,26
CTLT,26
CBRL,26
FOLD,26
PBCT,26
PRGS,26
MET,26
DHI,26
ATI,26
VLRS,26
RCM,26
SPR,26
DAO,26
ADX,25
HOMB,25
KXIN,25
QTS,25
FIS,25
EXAS,25
REV,25
SAFE,25
APXT,25
SSL,25
STC,25
TNK,25
CRC,25
HES,25
XERS,25
OLN,25
INTU,25
IEP,25
FIZZ,25
SCHN,25
GTT,25
BLMN,25
HMSY,25
RSG,25
PRU,25
FOF,25
CR,24
NXRT,24
TECK,24
ALKS,24
FLEX,24
TOT,24
AIH,24
GHIV,24
WPP,24
ARCT,24
CPRX,24
AES,24
AVEO,24
AU,24
ACM,24
SLP,24
TRU,24
HUM,24
PPL,24
MNST,24
LE,24
FTI,24
SV,24
JOBS,24
GLAD,24
CMT,23
CMO,23
BOOM,23
AWI,23
EC,23
BSX,23
CHEF,23
CIIC,23
REG,23
LEVI,23
VIRT,23
WEN,23
SFL,23
HBI,23
BEAM,23
JACK,23
BNED,23
CRL,23
ENDP,23
DY,23
BNY,23
SASR,23
MAN,23
CWH,23
HNW,23
WSM,22
SONO,22
PETS,22
PII,22
WAB,22
BEAT,22
PHD,22
OMER,22
SCHW,22
XRX,22
WD,22
GPC,22
DQ,22
FITB,22
SMAR,22
CDMO,22
NVGS,22
PAYS,22
UE,22
REPL,22
OTRK,22
NNN,22
DELL,21
NVS,21
DXCM,21
MKL,21
CCS,21
YUMC,21
ABMD,21
AOS,21
APTV,21
KDP,21
MPW,21
CLVS,21
AER,21
PPT,21
SRAC,21
FOUR,21
XONE,21
BTG,21
TRP,21
LMNR,21
CPRT,21
SGMO,21
GWW,21
WEC,21
NSP,21
DLTH,21
BST,21
NHS,21
CRMD,21
HRC,21
DMYD,21
MCI,21
BJ,20
OLLI,20
CFG,20
JNPR,20
CONE,20
FORM,20
SRI,20
IPGP,20
VIR,20
CRNC,20
ODP,20
ATRS,20
AZZ,20
INFY,20
ITW,20
LGIH,20
QIWI,20
GHG,20
PHM,20
EAT,20
PBI,20
CEVA,20
CAMT,20
RP,20
HEI,20
MSC,20
ABR,20
IDXX,20
BBSI,20
NLS,20
PGNY,20
COKE,20
CUK,19
CVAC,19
MLHR,19
OMC,19
ESI,19
LSCC,19
CX,19
RES,19
GPN,19
SAND,19
CHTR,19
AQB,19
TY,19
HAE,19
UMC,19
YRCW,19
SCWX,19
ANGO,19
IONS,19
RDHL,19
MTG,19
STLD,19
APD,19
PAYC,19
ASA,19
TSEM,19
RC,19
EXPI,19
CMD,18
TRUE,18
UONE,18
LH,18
AVCT,18
AGEN,18
BCLI,18
CBAT,18
BOH,18
TWOU,18
SAIA,18
DVN,18
LOCO,18
MSI,18
AON,18
JG,18
BTWN,18
CRUS,18
TDW,18
CIT,18
VSTO,18
ESTC,18
ACAD,18
ARNA,18
VRA,18
LNN,18
LNDC,18
WNS,18
EL,18
JLL,18
BLL,18
KGC,18
CRI,18
TACO,18
GIII,18
OXM,18
WBS,18
EXPD,18
GCI,18
AZUL,18
MTD,18
SBAC,18
WIMI,18
GOF,18
HOPE,18
CNI,18
NS,18
BIPC,18
SIM,17
PRTY,17
AVAV,17
AL,17
BCH,17
CEQP,17
MOH,17
SFM,17
APO,17
CTB,17
FLWS,17
RLGY,17
SNY,17
AIV,17
WU,17
LYB,17
GDS,17
OCUL,17
BWB,17
NIM,17
IPG,17
NMM,17
GATX,17
LADR,17
RMBS,17
HAIN,17
AMRS,17
LIQT,17
NTRS,17
USFD,17
MBUU,17
PAC,17
TEN,17
FTS,17
NPTN,17
MPAA,17
HYRE,17
CNR,17
CMS,17
TXG,17
BNGO,16
OVV,16
CBAY,16
ODFL,16
ROP,16
MSTR,16
SKY,16
NOVA,16
USCR,16
PFS,16
GDRX,16
VERU,16
SPWH,16
BDSI,16
ZG,16
TAK,16
JAZZ,16
ANGI,16
HBAN,16
QRVO,16
TROW,16
SUN,16
CELH,16
VMC,16
PLCE,16
DL,16
SMPL,16
SRE,16
DOC,16
SCVL,16
CWEN,16
SPT,16
ALLE,16
RICK,16
INMD,16
PXD,16
NGA,16
BSD,16
MWK,16
SGA,16
AXSM,15
ALT,15
BMI,15
BMRC,15
PKG,15
FELE,15
VAR,15
NSC,15
PERI,15
DORM,15
LKQ,15
MCO,15
TRS,15
MX,15
RRC,15
CRK,15
FPI,15
EBS,15
NTR,15
CMPS,15
FULT,15
HMC,15
CLM,15
YRD,15
ZTO,15
RIO,15
ASUR,15
HELE,15
MBWM,15
CHKP,15
LX,15
MUFG,15
ARNC,15
SAGE,15
RUTH,15
STAR,15
KEYS,15
MTA,15
SNPS,15
CBRE,15
QQQX,15
PTY,15
HTBX,14
TDS,14
PLM,14
WPX,14
STT,14
IPA,14
DENN,14
TEL,14
OSK,14
COG,14
OIS,14
SKYW,14
AXL,14
RA,14
ASR,14
WPRT,14
ETO,14
XP,14
NOG,14
NAZ,14
ITCI,14
CDNS,14
DSL,14
PSTG,14
CRF,14
ACIA,14
BBVA,14
GES,14
UVE,14
PNFP,14
RCI,14
NVR,14
ARMK,14
RMR,14
TCX,14
WEX,14
ACRS,14
HTHT,14
CAMP,14
AAWW,14
CNTY,14
PETQ,14
GMS,14
EBIX,14
DIAX,14
BWMX,14
UTG,14
NGM,14
SFT,14
PHK,14
LEG,14
ASC,14
HCM,14
LPG,14
AMWL,14
PDCO,13
FATE,13
NGG,13
ECOM,13
GNW,13
SGMS,13
LTHM,13
ARES,13
EXTR,13
GNRC,13
UTHR,13
CACI,13
CODI,13
CREE,13
KLAC,13
PEN,13
HUN,13
NVCR,13
XEL,13
FND,13
PNW,13
ALPN,13
ELF,13
UGI,13
ZUMZ,13
OPRA,13
MCHP,13
TZOO,13
ORLY,13
MEI,13
ATNM,13
MGIC,13
IVZ,13
SWIR,13
AVXL,13
EDAP,13
MGA,13
AWP,13
NVMI,13
NCA,13
AEP,13
BCC,13
DISCA,13
LAMR,13
EDU,13
CSBR,13
SMMT,13
WMB,13
OZK,13
TDG,13
WPG,13
ERJ,13
INSG,13
AEIS,13
PCI,13
UTF,13
WCN,13
HXL,13
OCN,13
IX,13
DNLI,13
CGO,13
WISH,12
GSKY,12
SDGR,12
MCRB,12
SAVA,12
COOP,12
BEEM,12
ACCD,12
OTIS,12
SHOO,12
FCPT,12
HAFC,12
TEX,12
PTC,12
KBR,12
SAH,12
CVA,12
INT,12
PSMT,12
MMP,12
LXRX,12
TGTX,12
APPN,12
ELAN,12
PDS,12
CPST,12
FLR,12
ARCO,12
ECC,12
CAL,12
ASPU,12
ERF,12
LPX,12
VLY,12
PHG,12
OFG,12
COHR,12
AGCO,12
CDW,12
ALNY,12
LUNA,12
LCI,12
MOV,12
IFF,12
MPLX,12
CXO,12
KMPR,12
XRAY,12
VRNT,12
ACET,12
MIC,12
CARS,12
SIC,12
INSE,12
ROAD,12
JOUT,12
NTAP,12
USAC,12
WBT,12
ASND,12
APTX,12
NHI,12
EPAM,12
DNB,12
ELY,12
UNM,12
BBU,12
HRI,12
SJW,12
JKHY,12
OMI,11
CTIC,11
MIST,11
MOGO,11
RVLV,11
GLPG,11
RBA,11
EXC,11
VUZI,11
CINF,11
LRN,11
CLS,11
DX,11
ETR,11
CTSH,11
MSA,11
VKTX,11
BCO,11
BXMT,11
PRLB,11
TNC,11
XYL,11
BIO,11
DECK,11
LEAF,11
QDEL,11
MFC,11
ZEN,11
CHL,11
BKE,11
MSB,11
PCAR,11
MUR,11
SLM,11
JCI,11
IMGN,11
GOGO,11
ATHM,11
EGRX,11
PRGO,11
AMWD,11
VERI,11
FNB,11
ENR,11
DLHC,11
SPH,11
CBB,11
KNOP,11
HZN,11
HIBB,11
MDWD,11
TITN,11
BRC,11
DAC,11
SCHL,11
VCEL,11
EPC,11
ITRN,11
PLAB,11
ABM,11
WRK,11
MTSC,11
CHH,11
NBLX,11
GNPX,11
MCS,11
NCNO,11
PAA,11
PBA,11
HCI,11
GHC,11
LPI,11
XOMA,11
EDF,11
SYK,11
LUMN,11
MG,11
TPH,10
ETB,10
JNCE,10
ZI,10
XEC,10
CBU,10
JBT,10
ROL,10
AEM,10
ALGT,10
CERN,10
CHDN,10
ESS,10
NOA,10
MTLS,10
PATK,10
BLDR,10
FTAI,10
ROG,10
UHS,10
DSKE,10
ROLL,10
SHLX,10
AMCI,10
CVM,10
IDE,10
HMY,10
TGI,10
NDLS,10
STK,10
TMX,10
BOE,10
RARE,10
IIVI,10
NDSN,10
FUL,10
DOV,10
LEO,10
NXST,10
MAS,10
RESI,10
ALBO,10
POOL,10
DSPG,10
REVG,10
ADMS,10
FLXN,10
ONB,10
CNNE,10
ALRM,10
GPX,10
NAVI,10
GNLN,10
ONEM,10
SSSS,10
SIVB,10
GIK,10
CLR,10
UEPS,10
TRST,10
EHTH,9
MDC,9
WASH,9
MRTX,9
MGP,9
GLNG,9
FLY,9
ZYXI,9
FFIV,9
RBB,9
FFWM,9
WDR,9
ACCO,9
MKSI,9
AIT,9
FLOW,9
MKTX,9
WYND,9
ABEV,9
BWA,9
CLDT,9
CENX,9
FIVN,9
PNM,9
TWIN,9
TEDU,9
MESA,9
FNV,9
EYE,9
CNHI,9
TME,9
KPTI,9
MESO,9
VTRS,9
MAA,9
ASPS,9
PAAS,9
RCS,9
WTM,9
VAC,9
ESLT,9
RLGT,9
BWEN,9
TPB,9
AGTC,9
IPI,9
SUM,9
HSIC,9
PFGC,9
GPK,9
RPD,9
ARCH,9
KIM,9
SON,9
NICE,9
WLK,9
GCO,9
GTLS,9
ABG,9
KFY,9
IBEX,9
FIX,9
MTRX,9
AJRD,9
NTGR,9
RGLD,9
PAGS,9
AVYA,9
PEBO,9
CSL,9
ICBK,9
GEL,9
SPKE,9
SWI,9
AY,9
PBFX,9
HTGC,9
RPRX,9
VRM,9
TWST,9
DOYU,9
PRTS,9
SUMO,9
ROOT,9
HPS,9
DNP,9
CEIX,9
HEC,9
NH,9
TG,9
SBRA,9
SLF,8
CERS,8
GGB,8
RVP,8
WSR,8
UIS,8
HMST,8
OMF,8
WAT,8
CHRW,8
EIX,8
LDL,8
BPOP,8
CVEO,8
DAN,8
DBD,8
GWB,8
IART,8
MNRO,8
RDY,8
IRT,8
ACRE,8
CTS,8
GIL,8
BL,8
EGO,8
EVTC,8
IVC,8
NVST,8
SPXC,8
IRMD,8
AE,8
JE,8
AQMS,8
FRSX,8
BTBT,8
THBR,8
IPOF,8
FIII,8
SRRA,8
CYH,8
GDOT,8
MTDR,8
ODT,8
NOVS,8
HST,8
CYTK,8
TGLS,8
HYT,8
CET,8
TRGP,8
IRDM,8
CVGI,8
CAE,8
KIRK,8
VNET,8
LEA,8
VET,8
GPMT,8
SBI,8
NKTR,8
EWBC,8
PPBI,8
ALV,8
VSH,8
ICHR,8
USAT,8
GTN,8
SSP,8
SBLK,8
THQ,8
ZBRA,8
RDUS,8
OTEX,8
CORT,8
RDNT,8
DAVA,8
FBC,8
CPF,8
NSSC,8
IDCC,8
WIFI,8
LJPC,8
SCM,8
TRQ,8
INSW,8
SMCI,8
ORN,8
EH,8
SHO,8
CYD,8
SMTS,8
CSSE,8
PPR,8
EVA,8
WMG,8
NEWR,8
RXT,8
RFP,8
LTRPA,8
AOUT,8
RCEL,8
CTXS,8
NEV,8
SLG,8
MHI,8
ELS,8
BSTZ,8
RAPT,8
KC,8
MIN,8
AVLR,8
COE,8
QGEN,8
OAC,8
COLD,8
MFIN,8
LMPX,7
STIM,7
NLOK,7
RAMP,7
VVPR,7
TRIL,7
UFI,7
HUBB,7
CPAC,7
FTV,7
MASI,7
BBD,7
HZO,7
LFUS,7
NYCB,7
SITE,7
AFG,7
BHE,7
BOOT,7
CDE,7
EGHT,7
RCII,7
BPMC,7
CNSL,7
FMS,7
HGV,7
TFX,7
TKR,7
DVA,7
HIG,7
HLI,7
MTX,7
SOI,7
WNW,7
WBAI,7
LPTH,7
FUSE,7
BRO,7
BZH,7
PAR,7
CNP,7
LAD,7
PING,7
SCCO,7
RGEN,7
DNOW,7
PRIM,7
CLDX,7
BCEI,7
CDK,7
PCB,7
BERY,7
EIGR,7
NGS,7
VRAY,7
KMDA,7
BRG,7
CVLT,7
PNR,7
ENTG,7
JELD,7
TAST,7
HMLP,7
WPM,7
BGFV,7
AVY,7
CULP,7
GWRE,7
DCI,7
HSC,7
GFN,7
TRI,7
PBPB,7
GWRS,7
ARLO,7
SMED,7
ORI,7
OSB,7
GAIA,7
GRVY,7
LAZY,7
RENN,7
CABO,7
ORMP,7
ASH,7
YEXT,7
GBDC,7
PASG,7
TRTX,7
ALEC,7
HUBS,7
WMC,7
EZPW,7
PBT,7
TFFP,7
ACC,7
BAND,7
XPEL,7
TRN,7
FRA,7
HYFM,7
PMT,7
DJCO,7
SRC,7
GFL,7
UIHC,7
ATCO,7
TYG,7
ONTO,7
NPA,7
AXDX,7
PFN,7
CAF,7
VGR,7
VNO,7
CPLP,7
FSM,7
GBCI,7
SVM,7
NWE,7
SQNS,6
SYRS,6
MRSN,6
RIGL,6
BCOV,6
SPPI,6
WVE,6
ODC,6
HCCI,6
TCF,6
VRNS,6
CMRE,6
CSGP,6
FMX,6
GRA,6
ILPT,6
NMR,6
AMED,6
AVID,6
CASA,6
DRE,6
ESRT,6
INVH,6
RYN,6
SSNC,6
VNDA,6
ARW,6
EME,6
EVLO,6
IDA,6
LAZ,6
MYE,6
PCRX,6
PWR,6
ATSG,6
COLM,6
FLNT,6
IPHI,6
KNSL,6
PTCT,6
SSB,6
ASIX,6
POR,6
SNR,6
SELB,6
PCPL,6
SJ,6
BW,6
EQR,6
FROG,6
IRWD,6
HOV,6
PFG,6
AGO,6
UFS,6
MTOR,6
GSL,6
TSI,6
FLDM,6
LZB,6
MDXG,6
SBH,6
SBNY,6
BOKF,6
ADNT,6
ZBH,6
GIB,6
ATKR,6
STE,6
UCTT,6
AIMC,6
SBGI,6
EPZM,6
SUP,6
ADAP,6
CWCO,6
NOMD,6
CATO,6
QURE,6
GVA,6
SEB,6
VRS,6
FOE,6
URGN,6
RUBY,6
OESX,6
GNTX,6
IEC,6
CSTM,6
NWN,6
IPAR,6
ADUS,6
CSWC,6
IOVA,6
INFN,6
HEP,6
CDLX,6
VGI,6
PTRS,6
SSRM,6
FNF,6
CW,6
HMHC,6
CSQ,6
ZAGG,6
SMBC,6
HALO,6
BFK,6
AGD,6
TAC,6
PFLT,6
MCBC,6
IHG,6
CIK,6
CEA,6
YPF,6
RADA,6
HOFT,6
FGEN,6
HBM,6
RLJ,6
SVMK,6
GAB,6
OPP,6
VMI,6
SSTI,6
AIF,6
VCV,6
AVB,6
FLT,6
PEAK,6
ZTR,6
SOAC,6
AWR,6
HDB,6
SRG,6
GGN,6
CVGW,6
IMMR,5
ZIXI,5
RYAAY,5
KALA,5
ALC,5
LTRPB,5
GNMK,5
JFIN,5
DADA,5
CLI,5
ASAN,5
IDT,5
HBT,5
KOP,5
AMKR,5
JBSS,5
CIGI,5
COWN,5
LECO,5
MMYT,5
OXSQ,5
ATEN,5
FFIC,5
FDP,5
HEES,5
TMHC,5
AXTI,5
GSS,5
MRC,5
MUSA,5
SBT,5
SPSC,5
COLB,5
INSM,5
LIVN,5
LYTS,5
MMC,5
OSIS,5
ROCK,5
SILC,5
TPX,5
ATOM,5
CPT,5
CTT,5
EXPO,5
GSHD,5
MHK,5
PFPT,5
PLT,5
BSAC,5
XHR,5
NBAC,5
CRIS,5
MSGN,5
PRI,5
WSBC,5
NP,5
ASG,5
NUAN,5
BGCP,5
AMBC,5
NMRK,5
PSF,5
EIGI,5
PFC,5
SYNA,5
QLYS,5
BUFF,5
UTI,5
SVC,5
CECE,5
GOL,5
WMS,5
LII,5
TPC,5
FPRX,5
TWI,5
AMN,5
ARAY,5
ZEAL,5
BRKS,5
PLXS,5
STBA,5
IBCP,5
EEFT,5
AAN,5
WST,5
COMM,5
CNDT,5
KRO,5
WSC,5
TLYS,5
APTO,5
SOHU,5
CMP,5
CRTO,5
LGND,5
CAAS,5
FOCS,5
BEDU,5
KNX,5
RGS,5
PAG,5
MMS,5
QTWO,5
KELYA,5
AROC,5
GLDD,5
TGP,5
STRA,5
AMRC,5
GLP,5
BTAI,5
ALDX,5
TGS,5
CLXT,5
AQST,5
IMV,5
CAAP,5
PSN,5
BNFT,5
KRTX,5
KOD,5
TSC,5
MRNS,5
DRD,5
AUBN,5
TFC,5
CYRX,5
BPYU,5
MTH,5
SNCR,5
OOMA,5
SLQT,5
AMSC,5
HCC,5
ORGO,5
FR,5
SOLY,5
EAD,5
HPI,5
NRO,5
NCZ,5
PRAA,5
WNC,5
WSO,5
VER,5
IDRA,5
CBIO,5
IHRT,5
EARN,5
NFJ,5
ALX,5
PAE,5
STRT,5
PDI,5
MIDD,5
ASB,5
CSR,5
CSPR,5
GOCO,5
RRGB,5
BHB,5
PFL,5
INGR,5
APTS,5
SUNS,5
NVEE,5
CZNC,5
PACE,4
MMSI,4
CTMX,4
RCUS,4
LORL,4
SXT,4
MDRX,4
KREF,4
MEDP,4
SSTK,4
APAM,4
BXP,4
DCOM,4
RNR,4
SPFI,4
SYX,4
TENB,4
PROV,4
AMSF,4
CUZ,4
FBHS,4
GMED,4
HBMD,4
ISBC,4
KRC,4
NTB,4
PGRE,4
SIGI,4
TROX,4
VICI,4
VVV,4
WERN,4
WHG,4
ABTX,4
CBZ,4
CFX,4
CMCO,4
CNST,4
EXLS,4
GPI,4
KEX,4
MIXT,4
TEF,4
THRM,4
WLTW,4
AJG,4
AX,4
CATM,4
CURO,4
LPSN,4
MERC,4
MPWR,4
MTZ,4
NUVA,4
PVG,4
TRUP,4
UDR,4
FBP,4
NVT,4
OIIM,4
PQG,4
PSXP,4
VHC,4
APVO,4
BLU,4
FLL,4
LIZI,4
FDMT,4
MTEM,4
PCVX,4
DBI,4
CLPT,4
CCIV,4
FTIV,4
UHAL,4
BRP,4
BHVN,4
GGAL,4
LNC,4
UVV,4
SLRC,4
ALTR,4
ATTO,4
HQL,4
JCOM,4
DCP,4
SPB,4
BSMX,4
XENE,4
LAWS,4
LGI,4
ADTN,4
MSP,4
CEE,4
MBT,4
CLH,4
NEA,4
WIT,4
FFBC,4
INDB,4
CCMP,4
AXTA,4
CSTE,4
MLCO,4
HLX,4
WWW,4
AVA,4
CGEN,4
MGLN,4
ANIP,4
FSS,4
CWT,4
FVE,4
DXPE,4
BPMP,4
AVDL,4
HMI,4
MDU,4
GRX,4
PGTI,4
BHF,4
EGAN,4
ERYP,4
EMN,4
VRSN,4
SMP,4
WETF,4
SBSI,4
BCOR,4
PRAH,4
TPVG,4
PBYI,4
USM,4
CIVB,4
SGRY,4
ZEUS,4
PVAC,4
GWGH,4
PLYM,4
OPTN,4
BMRN,4
HWC,4
AME,4
PCTY,4
VSAT,4
ESNT,4
MDP,4
GLPI,4
VPG,4
QUAD,4
TTC,4
GNL,4
ANSS,4
CMRX,4
VNRX,4
BBCP,4
VIOT,4
AZRE,4
TUFN,4
DOMO,4
HT,4
PINE,4
EPRT,4
ADPT,4
ALLO,4
BXC,4
BOMN,4
PFD,4
FCT,4
NEX,4
QFIN,4
CRDF,4
STKS,4
APG,4
LSTR,4
OLMA,4
AEL,4
TPIC,4
CTVA,4
CCU,4
VGAC,4
LIN,4
YSG,4
PMF,4
FFC,4
HYB,4
FSK,4
GPM,4
OLP,4
STXS,4
MYGN,4
CERE,4
VGM,4
CLW,4
ESSA,4
NRC,4
GDL,4
OM,4
TRTN,4
RLI,4
SATS,4
XPER,4
DSSI,4
FLGT,4
MOR,4
BKD,4
GEOS,4
MATX,4
BIT,4
MCFT,4
HHC,4
FWONA,4
DMO,4
STEP,4
KIDS,4
LCII,4
CTSO,4
BEKE,4
IBN,4
EXG,4
CFB,4
MUH,4
PRVB,4
KOF,4
DSM,4
CTRE,4
PFSI,4
OZON,4
BXMX,4
HRZN,4
FREQ,4
OBCI,3
ACIU,3
KELYB,3
SURF,3
SNBR,3
CAJ,3
ARI,3
HLIT,3
IVAC,3
OMCL,3
QCRH,3
VECO,3
WIRE,3
BCPC,3
FRME,3
GHM,3
ALG,3
AVT,3
AVTR,3
AXS,3
BLKB,3
CMPR,3
CUBI,3
DCO,3
DMRC,3
EQC,3
FARO,3
MORN,3
NGVT,3
PEGA,3
QNST,3
TARO,3
WRI,3
ITGR,3
LIND,3
NTCT,3
SNN,3
ACGL,3
ERII,3
GSIT,3
KN,3
MRLN,3
OFC,3
PEB,3
VVI,3
WRE,3
ATRO,3
DAR,3
LU,3
EBON,3
TDC,3
RVI,3
WK,3
INFU,3
CHRS,3
BANC,3
FSTR,3
MIME,3
SBS,3
CENT,3
CRS,3
AIRG,3
CMTL,3
TBPH,3
CALA,3
ORBC,3
DMLP,3
KYN,3
OTIC,3
SXI,3
SCSC,3
CTBI,3
CARG,3
MGNX,3
MSEX,3
ATRA,3
SLAB,3
ARCB,3
RDWR,3
AINV,3
PJT,3
MNR,3
PTEN,3
LMRK,3
ICLR,3
NOVT,3
ORA,3
ESTE,3
MFGP,3
BGNE,3
TCS,3
GBT,3
KT,3
NVRO,3
CWK,3
ECF,3
LASR,3
VRTS,3
CRY,3
TCP,3
OCSL,3
HTA,3
SLDB,3
VIVO,3
ABCB,3
EVR,3
FSV,3
ICL,3
RDN,3
GPP,3
BLD,3
FTDR,3
MGPI,3
PRTK,3
ITRI,3
COLL,3
ASTE,3
WHF,3
LINC,3
TSQ,3
EOLS,3
CADE,3
RETA,3
ENBL,3
GMRE,3
EVRG,3
UBP,3
WLKP,3
DIOD,3
EFR,3
GFI,3
JAX,3
JOE,3
PRDO,3
ITUB,3
MSGS,3
ISEE,3
VRT,3
PTR,3
OSPN,3
MXIM,3
SCPL,3
BKR,3
RGA,3
BJRI,3
PRSP,3
CALX,3
SBSW,3
IBA,3
IMMP,3
SSPK,3
CERT,3
FIF,3
NHF,3
RFI,3
RQI,3
CUBE,3
PAGP,3
AOD,3
GLO,3
BNL,3
CIX,3
CYCN,3
SCD,3
BFAM,3
NFG,3
SEM,3
FONR,3
NUS,3
SUPN,3
ESPR,3
LQDT,3
FBIO,3
LEU,3
DCT,3
BAK,3
CAI,3
HLNE,3
GTY,3
GLOG,3
DTF,3
ECPG,3
NATH,3
LOB,3
ELP,3
AJAX,3
INS,3
EMKR,3
GGG,3
EFF,3
CNXC,3
EMD,3
MCA,3
LBRDK,3
SWM,3
CLB,3
BCX,3
NMT,3
VMO,3
TPRE,3
RHP,3
GDV,3
AGR,3
BILL,3
GDDY,3
FORTY,3
PKI,3
AEG,3
YORW,3
DTIL,3
HTOO,3
STPK,3
FEIM,3
PLOW,3
MMI,3
AGX,3
MFT,3
FAX,3
ITI,3
MYOV,3
ANAT,3
CCEP,3
FLIC,3
VOYA,3
CRVL,3
EDD,3
IPOD,3
HQH,3
SRT,3
FHB,3
GLRE,3
RCKY,3
VTOL,3
BBN,3
IIF,3
AMH,3
TLC,3
IGR,3
ACP,3
PKO,3
EQX,3
PGC,3
CMCL,3
CURI,3
CCX,3
SUI,3
POWW,3
RAVN,3
INMB,2
RNET,2
NTZ,2
TARA,2
REDU,2
LPRO,2
MSD,2
FISI,2
MNSO,2
LKFN,2
CVLG,2
FBK,2
FLXS,2
FRBA,2
HSII,2
HSTM,2
IBTX,2
KNL,2
NBTB,2
TBI,2
AUDC,2
BLX,2
RNLX,2
SITC,2
AGYS,2
BUSE,2
DHIL,2
EGP,2
HIW,2
KAI,2
LBRT,2
PPD,2
PRGX,2
QUMU,2
RNST,2
RXN,2
SBCF,2
THG,2
TRMK,2
TRNS,2
UMBF,2
VBTX,2
AMAL,2
CFFN,2
MHO,2
NESR,2
AEGN,2
AIN,2
ALSN,2
ALTA,2
ASGN,2
BHR,2
CBTX,2
CNMD,2
DGICA,2
DGICB,2
ECHO,2
HBNC,2
INOV,2
JRVR,2
KRA,2
KRG,2
MBIN,2
MEOH,2
NEU,2
OBNK,2
OII,2
PSB,2
QMCO,2
SPOK,2
TTMI,2
UVSP,2
VSEC,2
AMTB,2
AMTBB,2
BSIG,2
BSVN,2
COHU,2
EQNR,2
FCN,2
JHG,2
PFHD,2
PRFT,2
SNDR,2
STKL,2
ULBI,2
UTL,2
VIAO,2
WTBA,2
ACHC,2
ALEX,2
ATUS,2
AXGN,2
BVN,2
CHE,2
CXP,2
DRQ,2
DZSI,2
ERIE,2
EVBN,2
FDUS,2
FORR,2
GRBK,2
HPP,2
KRNY,2
LMAT,2
LPLA,2
MOFG,2
NTUS,2
OCFC,2
POWI,2
RILY,2
SBFG,2
SUZ,2
TBBK,2
TMST,2
ULH,2
BELFA,2
CHT,2
ITCB,2
NWG,2
PIPR,2
TIGO,2
RCKT,2
ONDS,2
ARVN,2
BCAB,2
HCHC,2
AKR,2
BOAC,2
CCXI,2
TRC,2
HONE,2
AXNX,2
EQH,2
PAM,2
CHNG,2
NGHC,2
EXK,2
AIRC,2
BRFS,2
GLOB,2
ACTC,2
PFBC,2
TLND,2
BBL,2
EVH,2
CRH,2
CBT,2
PDCE,2
APPF,2
SIEN,2
FCCO,2
SAIL,2
CPK,2
CKH,2
BLBD,2
NSH,2
RDCM,2
ALE,2
THS,2
AAON,2
UNVR,2
HSKA,2
CNCE,2
VRTV,2
MXL,2
IMOS,2
SHEN,2
LAUR,2
WTFC,2
AGC,2
FANH,2
BMCH,2
DSGX,2
STAA,2
WHD,2
TYL,2
TUSK,2
GTES,2
SRDX,2
QRTEA,2
BBDC,2
OXFD,2
EYEN,2
MGY,2
EGBN,2
BKU,2
NXC,2
HFWA,2
DLX,2
CNOB,2
HESM,2
ALLT,2
GLT,2
KFRC,2
VCTR,2
EAF,2
GPRE,2
BKI,2
CPSI,2
VNTR,2
SGC,2
BXG,2
LHCG,2
RGNX,2
FTSI,2
ACU,2
CLNY,2
GSBD,2
GNK,2
KRP,2
CLMT,2
REZI,2
DESP,2
USPH,2
ZLAB,2
ELOX,2
BGSF,2
EVOP,2
SRLP,2
CTRN,2
MGTA,2
DOOO,2
IDN,2
CPLG,2
TCDA,2
CTRA,2
PZN,2
SPNS,2
DKL,2
TMDX,2
LIVX,2
UROV,2
SFUN,2
AMSWA,2
EOS,2
CQP,2
ASMB,2
MDLA,2
LOPE,2
OPI,2
STFC,2
AUTL,2
ITMR,2
DMAC,2
IMAB,2
FWRD,2
INGN,2
CBAN,2
EBMT,2
TREX,2
SONA,2
RTP,2
DLA,2
GRTS,2
BSET,2
BFRA,2
TTGT,2
BECN,2
ETON,2
FRG,2
PCH,2
ETV,2
OPT,2
MITK,2
NFE,2
ASO,2
TRIT,2
CII,2
VITL,2
PNNT,2
HIX,2
JPC,2
PML,2
PMX,2
GUT,2
BDJ,2
CXE,2
DFP,2
HPF,2
LDP,2
MAV,2
MFM,2
PHT,2
KTB,2
ENLC,2
EFC,2
LFC,2
AMCR,2
WES,2
STXB,2
GIX,2
CRMT,2
ARGO,2
SRCL,2
VHI,2
ETRN,2
WABC,2
ACIW,2
PODD,2
MTW,2
CCRN,2
ENTA,2
SIMO,2
ALSK,2
NBIX,2
CVI,2
EIG,2
SCL,2
LBTYA,2
PICO,2
SMTC,2
BWFG,2
EVBG,2
CNO,2
WSFS,2
MGRC,2
HGEN,2
CFII,2
TBIO,2
NPO,2
AHAC,2
AVO,2
DEX,2
UHT,2
WINA,2
IAF,2
RHI,2
CRESY,2
NGVC,2
LILAK,2
AGS,2
TRHC,2
SCU,2
CHMI,2
FWONK,2
RIV,2
TCPC,2
AEE,2
RJF,2
AIZ,2
NWSA,2
NWS,2
FAF,2
FUTU,2
VEDL,2
CFFI,2
SMTX,2
STIC,2
MANT,2
HRTG,2
KEP,2
TCI,2
IVA,2
GRC,2
NMFC,2
XBIT,2
BLFS,2
AVAL,2
HARP,2
PSTI,2
DMS,2
KF,2
EQD,2
EGLE,2
STL,2
SBR,2
SWX,2
EPIX,2
NEWT,2
BBF,2
BRT,2
IFS,2
MUS,2
USNA,2
IBP,2
JBGS,2
CFRX,2
CLA,2
VNOM,2
MASS,2
RTLR,2
BYM,2
BBIO,2
CVCY,2
ECOL,2
AZEK,2
CHU,2
TFII,2
ACV,2
INN,2
DMTK,2
BDN,2
AIO,2
FMAC,2
IIM,2
HURC,2
RYI,2
AFMD,2
CYBE,2
LBTYK,2
LBC,2
BRX,2
CDXS,2
AKTS,2
AAT,2
MED,2
GTHX,2
BRBR,2
TXRH,2
CSOD,2
RPAY,2
CVET,2
MDNA,2
KLR,2
PUBM,2
PKX,2
SEER,2
THR,2
UPST,2
SKLZ,2
BNR,1
LCUT,1
NNBR,1
MANH,1
PRMW,1
EMF,1
CZZ,1
UCBI,1
AVIR,1
LOV,1
MBCN,1
IH,1
PINC,1
DAKT,1
GOLF,1
UBSI,1
KLIC,1
SXC,1
MTRN,1
TGH,1
CIR,1
DFIN,1
EVGN,1
ATNX,1
COGT,1
WBK,1
YQ,1
AZPN,1
PHI,1
KNSA,1
SHC,1
AGIO,1
VYGR,1
PROS,1
LEGH,1
ACMR,1
RLMD,1
CCOI,1
DRIO,1
KALV,1
NLTX,1
ASPN,1
HBIO,1
ZVO,1
IMVT,1
SY,1
BRKR,1
SILV,1
GDEN,1
NARI,1
MBIO,1
BSBR,1
AYLA,1
DUO,1
HTBK,1
NXTC,1
POWL,1
CNTG,1
PEBK,1
MAG,1
WTS,1
ETNB,1
SHG,1
NCMI,1
EAR,1
CUB,1
DGNR,1
UAN,1
ACAM,1
EMX,1
SBTX,1
SGTX,1
VVOS,1
BCV,1
BGH,1
BKN,1
BTA,1
JPI,1
JPS,1
NAD,1
NVG,1
NZF,1
PMM,1
FPF,1
EVN,1
DHF,1
FLC,1
IVH,1
KIO,1
OIA,1
PFO,1
RNP,1
MVF,1
OGE,1
BANF,1
SPE,1
MCFE,1
DRNA,1
IGI,1
CDXC,1
KIN,1
PRK,1
ACBI,1
SVA,1
RBCAA,1
HCSG,1
GEF,1
QTNT,1
XENT,1
HMN,1
PRQR,1
BTT,1
PCM,1
RMAX,1
SCVX,1
ENIA,1
LCNB,1
NTG,1
UMH,1
IAA,1
PSNL,1
LMNX,1
PGEN,1
ADC,1
TMTS,1
ARYA,1
JAMF,1
ZNTL,1
KROS,1
ENV,1
PRA,1
ANIK,1
GTH,1
HWM,1
GILT,1
CMU,1
TSLX,1
CBMG,1
CHMA,1
PIM,1
UFPI,1
MWA,1
HMTV,1
NATI,1
HTH,1
GTS,1
GAM,1
BATRA,1
CEL,1
IQV,1
VRSK,1
EXR,1
HOLX,1
LNT,1
DISCK,1
ZION,1
NLSN,1
FLS,1
BKT,1
HFRO,1
LOOP,1
EVV,1
PTK,1
RLAY,1
TIG,1
CWST,1
KRNT,1
NWPX,1
WTRG,1
FPL,1
EGOV,1
MYRG,1
GBL,1
GHL,1
OEC,1
JEF,1
AQUA,1
BUR,1
ORCC,1
BSY,1
TCON,1
MRCC,1
KTF,1
VICR,1
VKI,1
CDNA,1
FPH,1
EEX,1
XAN,1
BLCT,1
NKTX,1
UBX,1
INSP,1
VNT,1
MDVL,1
INAQ,1
GSAH,1
HZON,1
CCCC,1
CCK,1
MRTN,1
CATY,1
BXS,1
SLGN,1
CLVR,1
AONE,1
GENC,1
REX,1
MUA,1
FSP,1
CLLS,1
WRB,1
ELA,1
PSO,1
ETX,1
SPTN,1
SIGA,1
GOGL,1
MGEE,1
CINR,1
BBDO,1
MPA,1
IGA,1
GABC,1
ENS,1
VIV,1
BGR,1
BFZ,1
STRL,1
SIEB,1
BFS,1
WIW,1
MDGL,1
FLNG,1
CVCO,1
SWZ,1
EVF,1
BGX,1
QH,1
ETY,1
CAPA,1
VKQ,1
VVR,1
NPK,1
BGT,1
CDZI,1
PHAT,1
VTA,1
CBH,1
RMT,1
WAL,1
ESQ,1
KAR,1
CHI,1
LFTR,1
LBRDA,1
BQ,1
NNI,1
FEI,1
AMOT,1
CHA,1
CCB,1
OACB,1
BYSI,1
FLUX,1
DCBO,1
SEAH,1
TWND,1
IAE,1
MIG,1
OMP,1
FNLC,1
ATAX,1
UBA,1
BANX,1
SYBT,1
BKH,1
IHD,1
AFIN,1
TU,1
SOR,1
MSON,1
GKOS,1
CMLS,1
ACTG,1
AMPH,1
MSBI,1
CVBF,1
MRCY,1
XNCR,1
LTRX,1
PLG,1
TREB,1
SPXX,1
DMB,1
SPLP,1
WWD,1
PLSE,1
APLS,1
SEIC,1
PRG,1
CHW,1
TLK,1
TKC,1
OPY,1
OSH,1
NMIH,1
EHC,1
HVT,1
ARTNA,1
LOMA,1
BBAR,1
BMA,1
WAFD,1
TISI,1
VMD,1
CRTX,1
GDO,1
NSCO,1
RICE,1
TELA,1
AXU,1
AMX,1
CHN,1
HFFG,1
MGF,1
OPRX,1
TWNK,1
FAM,1
BUI,1
WLFC,1
CHX,1
VIACA,1
UCL,1
CIB,1
IMXI,1
SHYF,1
BCYC,1
VEC,1
PBH,1
RBBN,1
PLMR,1
DYN,1
YALA,1
SGEN,1
FBNC,1
FHI,1
NIE,1
MSGE,1
RVNC,1
MRVI,1
AERI,1
NSTG,1
BALY,1
IPOE,1
DHC,1
MMX,1
PFSW,1
ENSG,1
VMAR,1
OSW,1
AAIC,1
AOSL,1
TPGY,1
IRTC,1
EXPC,1
BFI,1
CRHC,1
SILK,1
UPLD,1
IMUX,1
VRNA,1
PMO,1
